City_ID,City,Lat,Lng,Max Temp,Humidity,Cloudiness,Wind Speed,Country,Date
0,grytviken,-54.2811,-36.5092,3.78,98,92,0.79,GS,1696551157
1,moussoro,13.6408,16.4901,34.01,22,68,2.31,TD,1696551157
2,port-aux-francais,-49.35,70.2167,3.2,87,96,12.7,TF,1696550976
3,edinburgh of the seven seas,-37.0676,-12.3116,11.31,65,91,4.81,SH,1696551158
4,zhalantun,48.0,122.7167,8.5,58,8,2.4,CN,1696551159
5,puerto natales,-51.7236,-72.4875,3.25,81,20,7.72,CL,1696551160
6,tiksi,71.6872,128.8694,-6.42,91,96,3.03,RU,1696551161
7,iqaluit,63.7506,-68.5145,2.85,100,100,13.86,CA,1696551161
8,fort bragg,35.139,-79.006,25.46,73,100,1.54,US,1696551162
9,thompson,55.7435,-97.8558,6.09,100,100,4.63,CA,1696551163
10,ushuaia,-54.8,-68.3,0.24,66,82,4.92,AR,1696551163
11,baiyin,36.5583,104.2081,9.37,80,95,1.06,CN,1696551164
12,adamstown,-25.066,-130.1015,20.66,76,19,6.19,PN,1696551004
13,olonkinbyen,70.9221,-8.7187,0.98,73,88,6.8,SJ,1696551165
14,tuy hoa,13.0833,109.3,26.12,89,68,2.56,VN,1696551128
15,codrington,-38.2667,141.9667,11.86,60,93,4.75,AU,1696551166
16,avarua,-21.2078,-159.775,23.03,94,100,4.12,CK,1696550995
17,shizuishan,39.2333,106.7694,11.4,68,100,3.62,CN,1696550908
18,kodinsk,58.6881,99.1844,6.91,96,99,2.35,RU,1696551167
19,tomatlan,19.9333,-105.25,28.13,88,79,1.42,MX,1696551167
20,port elizabeth,-33.918,25.5701,18.39,96,100,4.47,ZA,1696551168
21,nar'yan-mar,67.6713,53.087,3.95,78,78,9.39,RU,1696550939
22,akureyri,65.6835,-18.0878,2.96,81,100,3.09,IS,1696551169
23,minas de marcona,-15.2119,-75.1103,14.45,85,35,4.55,PE,1696551102
24,georgetown,5.4112,100.3354,26.96,89,20,0.0,MY,1696551170
25,enewetak,11.3474,162.3373,29.09,74,100,8.23,MH,1696551170
26,blackmans bay,-43.0167,147.3167,12.51,62,45,5.17,AU,1696551171
27,waitangi,-43.9535,-176.5597,13.79,81,84,3.13,NZ,1696551171
28,petropavlovsk-kamchatsky,53.0452,158.6483,9.32,73,75,4.02,RU,1696551171
29,iskateley,67.6803,53.1512,3.9,78,78,9.39,RU,1696551172
30,shangqiu,34.45,115.65,16.04,59,100,3.48,CN,1696551172
31,bethel,41.3712,-73.414,19.25,81,0,1.54,US,1696551173
32,yellowknife,62.456,-114.3525,3.09,88,100,5.36,CA,1696551173
33,happy valley-goose bay,53.3168,-60.3315,15.17,72,20,4.12,CA,1696551174
34,santa ana de yacuma,-13.75,-65.4333,32.76,41,87,4.07,BO,1696551174
35,prince george,53.9166,-122.753,11.69,82,100,3.09,CA,1696551175
36,hithadhoo,-0.6,73.0833,27.31,78,84,3.99,MV,1696551175
37,lushun,38.8,121.2667,18.12,44,97,4.13,CN,1696551175
38,hamilton,39.1834,-84.5333,19.12,95,100,3.09,US,1696551002
39,lebu,-37.6167,-73.65,9.5,82,66,2.58,CL,1696551140
40,cide,41.8921,33.0044,17.23,66,98,2.05,TR,1696551177
41,brisas de zicatela,15.8369,-97.0419,28.29,61,100,1.03,MX,1696551177
42,dakhla,23.6848,-15.958,22.63,71,82,5.51,EH,1696551177
43,portland,45.5234,-122.6762,28.59,61,0,3.13,US,1696551178
44,masterton,-40.9597,175.6575,13.82,49,45,1.78,NZ,1696551178
45,stanley,54.868,-1.6985,16.14,86,75,5.66,GB,1696551179
46,igarka,67.4667,86.5833,3.07,96,100,11.37,RU,1696551179
47,selfoss,63.9331,-20.9971,4.47,74,100,1.85,IS,1696551179
48,ribeira grande,38.5167,-28.7,21.54,96,100,14.31,PT,1696551180
49,uturoa,-16.7333,-151.4333,25.95,79,12,9.94,PF,1696551180
50,ancud,-41.8697,-73.8203,9.04,83,85,6.78,CL,1696551181
51,albany,42.6001,-73.9662,21.36,70,74,3.08,US,1696550591
52,flying fish cove,-10.4217,105.6791,24.82,94,100,4.12,CX,1696551054
53,saudarkrokur,65.7461,-19.6394,2.83,76,85,1.82,IS,1696551183
54,ishigaki,24.3448,124.1572,30.07,84,40,4.12,JP,1696551183
55,nemuro,43.3236,145.575,14.41,74,79,10.67,JP,1696550931
56,auki,-8.7676,160.7034,29.87,60,95,3.29,SB,1696551184
57,kavaratti,10.5669,72.642,27.12,71,42,3.39,IN,1696551165
58,marsa alam,25.0757,34.8918,28.63,53,7,4.99,EG,1696551185
59,port douglas,-16.4833,145.4667,25.45,72,85,2.27,AU,1696551185
60,vilyuchinsk,52.9306,158.4028,10.14,69,24,1.97,RU,1696551013
61,bilibino,68.0546,166.4372,-8.91,87,34,0.95,RU,1696551186
62,sinabang,2.4803,96.3801,25.91,80,90,2.79,ID,1696551187
63,edd,13.9297,41.6925,31.25,57,11,1.68,ER,1696551187
64,saldanha,-33.0117,17.9442,14.67,91,2,2.21,ZA,1696550990
65,yarmouth,41.7057,-70.2286,18.31,95,0,1.34,US,1696551188
66,westport,41.1415,-73.3579,19.95,86,0,2.68,US,1696551069
67,polyarnyy,69.1989,33.4478,1.75,90,51,11.55,RU,1696551189
68,waingapu,-9.6567,120.2641,28.22,68,26,2.91,ID,1696551190
69,kigoma,-4.8769,29.6267,25.63,60,44,0.8,TZ,1696551190
70,aasiaat,68.7098,-52.8699,-3.76,73,100,5.51,GL,1696551191
71,isafjordur,66.0755,-23.124,2.13,83,96,7.56,IS,1696551191
72,khandyga,62.6667,135.6,-1.12,82,100,2.29,RU,1696551192
73,buka,40.8108,69.1986,19.47,29,93,2.52,UZ,1696551192
74,vadso,70.0744,29.7487,2.09,87,100,6.17,NO,1696551193
75,tangalle,6.024,80.7911,24.28,92,100,3.68,LK,1696551156
76,lospalos,-8.5186,127.0025,27.21,57,63,4.94,TL,1696550901
77,kobryn,52.2138,24.3564,10.2,84,27,5.53,BY,1696551070
78,redkino,56.6475,36.2967,11.86,65,100,5.69,RU,1696551194
79,kaya,13.0917,-1.0844,29.58,48,51,2.53,BF,1696551195
80,west island,-12.1568,96.8225,24.99,83,100,4.12,CC,1696551195
81,placido de castro,-10.3353,-67.1856,26.88,66,68,1.36,BR,1696551196
82,fort mcmurray,56.7268,-111.381,3.77,65,100,5.66,CA,1696551120
83,hoemul-li,41.4339,129.67,14.03,40,0,2.03,KP,1696551197
84,antsiranana,-12.2787,49.2917,22.92,82,38,7.72,MG,1696551197
85,hawaiian paradise park,19.5933,-154.9731,29.46,70,0,5.66,US,1696551198
86,chui,-33.6971,-53.4616,12.44,73,3,3.47,UY,1696550930
87,duong dong,10.2167,103.9667,29.0,89,40,2.57,VN,1696551198
88,punta arenas,-53.15,-70.9167,5.06,65,20,11.32,CL,1696551199
89,santana,-0.0583,-51.1817,29.1,65,0,5.66,BR,1696551139
90,hats'avan,39.4641,45.9705,7.39,64,37,0.78,AM,1696551200
91,khorramabad,33.4878,48.3558,15.99,22,38,0.89,IR,1696551136
92,san patricio,28.017,-97.5169,23.8,88,100,4.78,US,1696551201
93,sitka,57.0531,-135.33,14.94,82,100,2.57,US,1696551201
94,rodolfo sanchez taboada,31.7167,-116.5667,23.39,74,3,0.45,MX,1696551202
95,karachi,24.9056,67.0822,26.9,83,40,2.57,PK,1696551038
96,san luis de la loma,17.2706,-100.8939,28.7,80,91,1.59,MX,1696551203
97,ar ruseris,11.8659,34.3869,24.93,74,2,2.77,SD,1696551203
98,humahuaca,-23.2054,-65.3505,14.08,11,50,3.22,AR,1696551204
99,alice springs,-23.7,133.8833,19.75,22,2,7.2,AU,1696551205
100,lotoshino,56.2267,35.6414,11.43,86,100,6.43,RU,1696551205
101,vernon,50.2581,-119.2691,19.78,57,73,1.03,CA,1696551206
102,lucapa,-8.4192,20.7447,21.98,40,74,1.69,AO,1696550951
103,pamandzi,-12.7967,45.2794,25.88,83,20,2.06,YT,1696551206
104,castillos,-34.1667,-53.8333,12.68,72,12,4.3,UY,1696551207
105,lihue,21.9789,-159.3672,30.58,80,100,3.09,US,1696551207
106,mohr,54.3528,9.7167,13.97,95,100,4.12,DE,1696551208
107,port mathurin,-19.6833,63.4167,22.67,76,94,8.06,MU,1696551208
108,camaqua,-30.8511,-51.8122,11.92,75,0,1.6,BR,1696551135
109,batticaloa,7.7102,81.6924,25.69,86,75,1.83,LK,1696551209
110,sisimiut,66.9395,-53.6735,1.34,61,100,6.77,GL,1696551210
111,pudasjarvi,65.3833,26.9167,-0.63,80,12,2.51,FI,1696551210
112,pangody,65.85,74.4859,6.14,80,85,12.94,RU,1696551211
113,cozumel,20.5083,-86.9458,29.97,89,40,2.24,MX,1696551211
114,avanigadda,16.0215,80.9181,24.97,79,19,2.38,IN,1696551196
115,ma'rib,15.4591,45.3253,21.65,18,0,0.88,YE,1696551213
116,la peca,-5.6111,-78.435,24.21,66,100,1.81,PE,1696551172
117,papatowai,-46.5619,169.4708,16.4,46,100,3.53,NZ,1696551215
118,jaru,-10.4389,-62.4664,28.66,56,78,2.21,BR,1696551215
119,naze,28.3667,129.4833,23.65,61,13,4.7,JP,1696550925
120,margaret river,-33.95,115.0667,15.69,67,10,2.97,AU,1696551216
121,nambucca,-30.6333,152.9833,20.92,42,0,2.42,AU,1696551216
122,aripuana,-9.1667,-60.6333,31.01,34,53,0.95,BR,1696551083
123,port alfred,-33.5906,26.891,16.77,98,100,2.68,ZA,1696551217
124,horta,38.5333,-28.6333,21.12,96,100,14.31,PT,1696551218
125,jamestown,42.097,-79.2353,22.23,54,0,4.63,US,1696551117
126,karasu,41.071,30.7854,16.41,79,100,1.03,TR,1696551219
127,letlhakeng,-24.0944,25.0298,19.51,20,54,3.44,BW,1696551219
128,gaspe,48.8334,-64.4819,14.95,100,75,0.0,CA,1696551220
129,quelimane,-17.8786,36.8883,22.3,95,0,1.84,MZ,1696551018
130,carnarvon,-24.8667,113.6333,21.62,67,6,6.1,AU,1696551152
131,haiku-pauwela,20.9219,-156.3051,30.01,48,40,8.75,US,1696551222
132,puerto san jose,13.9256,-90.8244,27.89,83,40,3.34,GT,1696551133
133,san antonio de pale,-1.4014,5.6325,25.34,85,100,6.5,GQ,1696551223
134,invercargill,-46.4,168.35,20.01,52,99,9.83,NZ,1696551005
135,ernee,48.2976,-0.9314,8.75,66,96,1.26,FR,1696551224
136,comayagua,14.45,-87.6333,23.85,90,25,1.51,HN,1696551224
137,lintong,34.378,109.2089,11.38,93,100,0.9,CN,1696551225
138,kenora,49.8167,-94.4337,8.54,93,100,3.09,CA,1696551225
139,uglekamensk,43.2172,133.2303,8.88,55,6,5.41,RU,1696551226
140,zhanaozen,43.3,52.8,12.08,81,1,2.7,KZ,1696551064
141,hermanus,-34.4187,19.2345,15.42,87,100,7.32,ZA,1696550983
142,rio preto da eva,-2.6994,-59.6997,27.56,63,97,1.15,BR,1696551214
143,colonia,50.9333,6.95,12.94,86,0,1.03,DE,1696551228
144,touros,-5.1989,-35.4608,25.45,81,66,6.25,BR,1696551228
145,vila franca do campo,37.7167,-25.4333,23.23,93,100,7.86,PT,1696551228
146,keflavik,64.0049,-22.5624,4.24,87,100,2.06,IS,1696551229
147,shipston on stour,52.0606,-1.6278,15.45,88,95,6.18,GB,1696551229
148,noumea,-22.2763,166.4572,26.67,97,51,5.09,NC,1696550724
149,puerto ayora,-0.7393,-90.3518,23.64,92,75,1.79,EC,1696551230
150,port lincoln,-34.7333,135.8667,13.98,65,98,4.65,AU,1696551231
151,taroa,8.7058,171.2275,28.39,77,92,6.1,MH,1696551231
152,bankim,6.083,11.4905,19.87,98,76,0.3,CM,1696551232
153,chibougamau,49.9168,-74.3659,16.79,88,75,2.57,CA,1696551232
154,tazovsky,67.4667,78.7,7.28,88,100,7.76,RU,1696551232
155,broken hill,-31.95,141.4333,15.48,63,9,5.98,AU,1696551065
156,kapa'a,22.0752,-159.319,30.99,84,100,3.09,US,1696551071
157,kununurra,-15.7667,128.7333,30.99,27,91,5.66,AU,1696550712
158,phek,25.6667,94.5,15.02,99,99,0.4,IN,1696551234
159,nadym,65.5333,72.5167,6.09,76,80,12.1,RU,1696551234
160,luderitz,-26.6481,15.1594,14.43,87,3,4.74,NA,1696551235
161,tura,25.5198,90.2201,21.97,99,100,1.14,IN,1696551235
162,coruripe,-10.1256,-36.1756,24.61,86,6,6.18,BR,1696551171
163,tabira,-7.5908,-37.5394,24.4,55,1,6.99,BR,1696551089
164,usogorsk,63.4106,48.6872,5.93,95,91,2.98,RU,1696551237
165,yerofey pavlovich,53.9667,121.9667,4.45,61,55,0.69,RU,1696551238
166,los palacios,22.5872,-83.2486,25.49,87,78,2.24,CU,1696551206
167,shingu,33.7333,135.9833,19.46,48,98,2.3,JP,1696551166
168,tolanaro,-25.0319,46.9987,19.02,88,0,5.48,MG,1696551239
169,mount pearl,47.5166,-52.7813,7.3,90,100,1.54,CA,1696551239
170,arraial do cabo,-22.9661,-42.0278,22.63,95,74,6.38,BR,1696551240
171,talakan,50.3167,130.3667,7.15,74,47,4.84,RU,1696551240
172,gamba,-2.65,10.0,24.79,88,96,2.79,GA,1696551241
173,sultanah,24.4926,39.5857,29.25,9,0,2.57,SA,1696551241
174,college,64.8569,-147.8028,4.56,58,75,3.6,US,1696551242
175,revda,56.801,59.9303,7.75,88,100,1.74,RU,1696551242
176,rio grande,-32.035,-52.0986,14.97,64,1,3.97,BR,1696551075
177,klyuchi,52.2667,79.1667,8.55,67,20,1.37,RU,1696551243
178,longyearbyen,78.2186,15.6401,-3.09,68,40,4.12,SJ,1696551244
179,coquimbo,-29.9533,-71.3436,13.85,76,75,4.12,CL,1696551245
180,bijapur,16.8333,75.7,23.21,72,67,4.47,IN,1696551173
181,nishinoomote,30.7333,131.0,22.31,73,20,3.6,JP,1696551159
182,qaqortoq,60.7167,-46.0333,2.58,65,18,1.92,GL,1696551246
183,anamalais,10.5833,76.9333,22.38,85,86,2.65,IN,1696551246
184,carbonear,47.7332,-53.2148,8.01,90,84,1.67,CA,1696551247
185,martapura,-3.4167,114.85,26.05,89,11,1.54,ID,1696551131
186,choibalsan,48.0667,114.5,9.21,41,17,2.21,MN,1696551248
187,anadyr,64.75,177.4833,5.28,70,75,5.0,RU,1696551248
188,east london,-33.0153,27.9116,19.7,93,100,3.19,ZA,1696550999
189,valparaiso,-33.0393,-71.6273,11.8,82,40,3.09,CL,1696550923
190,alta,69.9689,23.2717,2.88,73,75,5.66,NO,1696551250
191,nova sintra,14.8667,-24.7167,23.73,75,43,2.38,CV,1696551250
192,pudozh,61.8099,36.5345,7.19,92,100,4.92,RU,1696551251
193,caibarien,22.5206,-79.4669,25.62,84,10,3.49,CU,1696551252
194,wailua homesteads,22.0669,-159.378,30.24,84,100,3.09,US,1696551252
195,hilo,19.7297,-155.09,29.58,70,0,5.66,US,1696550994
196,piti village,13.4626,144.6933,30.17,78,20,5.14,GU,1696551253
197,bredasdorp,-34.5322,20.0403,14.59,91,100,5.78,ZA,1696551126
198,hasaki,35.7333,140.8333,21.27,38,17,9.95,JP,1696551045
199,richards bay,-28.783,32.0377,21.82,89,34,6.03,ZA,1696551254
200,griffith,41.5284,-87.4237,19.96,84,0,2.57,US,1696551151
201,la'ie,21.6477,-157.9253,29.12,69,25,3.29,US,1696551255
202,imola,44.3523,11.7158,18.9,67,92,0.99,IT,1696551256
203,tual,-5.6667,132.75,26.48,80,53,8.77,ID,1696551172
204,zahedan,29.4963,60.8629,22.95,21,0,1.84,IR,1696551099
205,jayapura,-2.5333,140.7,30.66,63,87,0.47,ID,1696551076
206,port saint john's,-31.6229,29.5448,21.32,85,98,0.47,ZA,1696551258
207,puerto madryn,-42.7692,-65.0385,15.67,31,94,10.28,AR,1696551259
208,kuloy,61.0305,42.4925,10.05,93,99,3.09,RU,1696551259
209,turbat,26.0023,63.044,27.54,70,0,0.9,PK,1696551236
210,whitehorse,60.7161,-135.0538,3.43,89,100,7.15,CA,1696551260
211,northam,51.0333,-4.2167,14.66,92,100,6.06,GB,1696550799
212,ust-nera,64.5667,143.2,-1.55,73,98,1.34,RU,1696551261
213,kidal,18.4411,1.4078,32.56,21,34,7.39,ML,1696551261
214,areia branca,-4.9561,-37.1369,25.98,75,36,9.36,BR,1696551150
215,kourou,5.1552,-52.6478,27.03,84,98,4.96,GF,1696551187
216,nchelenge,-9.3451,28.734,25.96,45,91,1.48,ZM,1696551263
217,afaahiti,-17.75,-149.2833,27.93,81,31,10.46,PF,1696551263
218,labytnangi,66.6572,66.4183,5.59,72,97,10.54,RU,1696551203
219,udachny,66.4167,112.4,-5.86,79,66,2.06,RU,1696551024
220,puerto gaitan,4.3133,-72.0816,29.5,65,66,2.31,CO,1696551264
221,dudinka,69.4058,86.1778,1.46,92,100,8.49,RU,1696550993
222,vilyuysk,63.7553,121.6247,-3.89,90,38,2.68,RU,1696551265
223,zhenzhou,32.2692,119.1789,18.83,75,93,2.47,CN,1696551049
224,sechura,-5.5569,-80.8222,22.29,75,97,6.6,PE,1696551266
225,freeport,40.6576,-73.5832,21.1,86,0,3.6,US,1696551148
226,taltal,-25.4,-70.4833,15.03,76,21,1.72,CL,1696551267
227,bamnet narong,15.4992,101.6897,24.83,92,100,1.62,TH,1696551267
228,plastun,44.7561,136.2939,10.05,90,100,3.13,RU,1696551268
229,nuuk,64.1835,-51.7216,6.34,42,100,10.8,GL,1696551268
230,al jawf,29.5,38.75,25.14,37,42,8.79,SA,1696551269
231,sao felix do xingu,-6.6447,-51.995,26.8,57,71,0.51,BR,1696551269
232,santo antonio,-6.3106,-35.4789,22.61,93,72,2.88,BR,1696551270
233,talara,-4.5772,-81.2719,23.42,73,100,3.92,PE,1696551017
234,queenstown,-31.8976,26.8753,16.47,89,92,1.03,ZA,1696551243
235,dakoro,14.5106,6.765,30.49,29,56,4.78,NE,1696551271
236,saint-philippe,-21.3585,55.7679,18.77,75,55,4.46,RE,1696551272
237,vuyyuru,16.3667,80.85,24.96,88,75,0.0,IN,1696551272
238,pathein,16.7833,94.7333,25.42,94,100,1.99,MM,1696551273
239,noshiro,40.2039,140.0242,14.46,76,100,13.35,JP,1696551273
240,akjoujt,19.6969,-14.4164,32.61,40,83,6.46,MR,1696551274
241,calbuco,-41.768,-73.1273,8.56,81,89,6.03,CL,1696551274
242,itaituba,-4.2761,-55.9836,32.28,35,100,1.4,BR,1696551117
243,talcahuano,-36.7167,-73.1167,11.82,76,0,3.6,CL,1696551275
244,la passe,45.5549,-0.8967,12.77,53,83,2.78,FR,1696551276
245,barnard castle,54.5415,-1.919,16.27,87,100,9.66,GB,1696551276
246,sao vicente,-23.9631,-46.3919,23.1,26,100,1.91,BR,1696550996
247,ketchikan,55.3422,-131.6461,13.99,94,100,3.6,US,1696551277
248,lakatoro,-16.0999,167.4164,25.91,66,85,7.54,VU,1696551279
249,srandakan,-7.9386,110.2506,26.47,77,28,3.13,ID,1696551280
250,vorgashor,67.5833,63.95,3.76,80,100,10.24,RU,1696551032
251,changling,44.2653,124.0005,11.28,41,4,2.12,CN,1696551054
252,sherghati,24.5667,84.7833,23.52,96,69,1.37,IN,1696551075
253,esikhaleni,-28.871,31.8996,21.66,90,40,7.42,ZA,1696551281
254,peralta,18.5816,-70.7703,23.34,92,71,1.52,DO,1696551282
255,bikenibeu village,1.3673,173.1241,29.98,74,75,3.6,KI,1696551282
256,eraan,9.0629,117.7016,27.78,79,96,0.05,PH,1696551282
257,cabedelo,-6.9811,-34.8339,26.37,82,74,5.22,BR,1696551283
258,laminusa,5.5549,120.9136,28.39,73,43,3.78,PH,1696551283
259,tchibanga,-2.85,11.0333,22.95,95,83,1.26,GA,1696551284
260,dire,12.2833,-10.9667,24.85,82,77,0.95,ML,1696551285
261,dhuusamarreeb,5.535,46.3861,25.37,81,63,6.27,SO,1696551286
262,rongelap,11.1635,166.8941,28.76,74,100,5.6,MH,1696551286
263,as sulayyil,20.4607,45.5779,25.14,22,1,2.36,SA,1696551016
264,paracuru,-3.41,-39.0306,27.28,76,48,5.96,BR,1696551243
265,zouerate,22.7187,-12.4521,31.3,14,96,4.28,MR,1696551039
266,saurimo,-9.6608,20.3916,21.17,36,62,0.48,AO,1696551288
267,mar del plata,-38.0023,-57.5575,15.01,58,20,5.66,AR,1696551288
268,nova vicosa,-17.8919,-39.3719,25.15,87,62,6.99,BR,1696551289
269,baikonur,45.6167,63.3167,14.65,34,51,3.22,KZ,1696551289
270,kingston,17.997,-76.7936,29.53,84,20,1.54,JM,1696551290
271,atafu village,-8.5421,-172.5159,28.51,72,19,2.99,TK,1696551290
272,longboat key,27.4125,-82.659,29.52,73,75,2.57,US,1696551291
273,neropolis,-16.4064,-49.2186,24.49,73,86,1.5,BR,1696551084
274,varena,54.2167,24.5667,8.63,84,47,5.31,LT,1696551292
275,rabo de peixe,37.8,-25.5833,22.73,94,40,8.75,PT,1696551292
276,lompoc,34.6391,-120.4579,34.27,47,0,4.63,US,1696551293
277,dunedin,-45.8742,170.5036,18.37,76,100,4.02,NZ,1696550733
278,metlili chaamba,32.2667,3.6333,18.52,42,0,0.0,DZ,1696551294
279,plainview,40.7765,-73.4673,20.46,86,0,3.09,US,1696551295
280,lesogorsk,56.0458,99.5136,7.18,69,100,1.79,RU,1696551295
281,gagarawa,12.4074,9.5277,31.1,36,93,2.9,NG,1696551296
282,darwin,-12.4611,130.8418,31.61,66,20,3.58,AU,1696551238
283,osmanabad,18.1667,76.05,21.32,70,59,3.87,IN,1696551297
284,kruisfontein,-34.0033,24.7314,17.16,95,100,6.23,ZA,1696551297
285,hanover,52.3705,9.7332,14.09,96,0,2.57,DE,1696551122
286,mogilno,52.6581,17.9558,10.11,89,22,4.04,PL,1696551040
287,chonchi,-42.6128,-73.8092,8.4,92,82,3.73,CL,1696551299
288,vuktyl,63.8567,57.3094,8.39,94,100,4.92,RU,1696551299
289,champoton,19.35,-90.7167,28.88,80,79,3.67,MX,1696551300
290,kani keli,-12.9536,45.1033,25.59,77,13,2.69,YT,1696551301
291,tchollire,8.4022,14.1698,21.81,95,92,0.59,CM,1696551301
292,lerwick,60.1545,-1.1494,12.0,97,100,9.05,GB,1696551302
293,namikupa,-10.8333,39.6,20.83,98,19,0.93,TZ,1696551303
294,hammerfest,70.6634,23.6821,3.25,70,75,3.09,NO,1696551304
295,kuraymah,18.55,31.85,32.03,14,0,4.33,SD,1696551201
296,talnakh,69.4865,88.3972,1.23,97,100,5.77,RU,1696551305
297,kailua-kona,19.6406,-155.9956,29.98,79,40,4.63,US,1696551306
298,hovd,48.0056,91.6419,5.31,63,87,0.08,MN,1696551307
299,louis trichardt,-23.0439,29.9032,18.5,34,6,1.06,ZA,1696551307
300,kaoma,-14.7833,24.8,21.84,32,25,4.44,ZM,1696551308
301,ilulissat,69.2167,-51.1,-0.99,55,75,10.8,GL,1696551309
302,touba,8.2833,-7.6833,22.18,96,100,0.63,CI,1696551309
303,weno,7.4515,151.8468,26.68,81,100,3.81,FM,1696551310
304,st. john's,47.5649,-52.7093,7.76,90,58,0.89,CA,1696550740
305,urangan,-25.3,152.9,23.14,41,4,2.62,AU,1696551311
306,buncrana,55.1333,-7.45,14.79,80,100,8.12,IE,1696551311
307,tanout,14.9709,8.8879,28.23,33,10,5.95,NE,1696551311
308,rikaze,29.25,88.8833,8.94,64,21,1.07,CN,1696551312
309,luena,-11.7833,19.9167,21.56,35,83,0.9,AO,1696551143
310,piploda,23.35,75.4333,20.21,67,43,3.76,IN,1696551313
311,roma,43.2128,-75.4557,22.12,75,0,3.09,US,1696551313
312,champerico,14.3,-91.9167,30.3,84,25,5.62,GT,1696551314
313,andovoranto,-18.95,49.1,21.11,84,66,1.86,MG,1696551314
314,harper,4.375,-7.7169,25.23,85,84,2.41,LR,1696551315
315,kuanda,56.3161,116.0806,2.99,71,100,0.07,RU,1696551315
316,eirunepe,-6.6603,-69.8736,24.8,88,95,1.35,BR,1696551316
317,aykhal,66.0,111.5,-8.85,92,93,3.58,RU,1696551316
318,constitucion,-35.3333,-72.4167,10.4,79,100,3.63,CL,1696551126
319,augusto correa,-1.0217,-46.635,26.57,72,44,3.59,BR,1696551317
320,trinidad,-14.8333,-64.9,31.83,43,60,2.96,BO,1696551318
321,grand falls-windsor,48.9332,-55.6649,10.28,84,87,2.33,CA,1696551318
322,pirallahi,40.4723,50.333,15.08,62,1,5.51,AZ,1696551319
323,najran,17.4924,44.1277,20.36,23,0,1.19,SA,1696551320
324,ponta delgada,37.7333,-25.6667,23.4,94,40,8.23,PT,1696550747
325,port augusta,-32.5,137.7667,18.08,58,50,3.89,AU,1696551321
326,tofol,5.3248,163.0078,24.88,94,100,2.06,FM,1696551321
327,badger,64.8,-147.5333,4.52,58,75,3.6,US,1696551047
328,lexington,37.9887,-84.4777,20.0,79,75,2.57,US,1696551041
329,ulsteinvik,62.3432,5.8487,11.53,75,93,3.13,NO,1696551322
330,balachor,31.0667,76.3167,20.58,55,0,1.53,IN,1696551280
331,vincennes,48.85,2.4333,13.83,85,0,1.03,FR,1696551324
332,manziana,42.1321,12.1264,17.94,86,65,0.94,IT,1696551324
333,aden,12.7794,45.0367,29.93,60,1,3.94,YE,1696551324
334,safaga,26.7292,33.9365,27.98,55,12,6.31,EG,1696551265
335,geraldton,-28.7667,114.6,27.23,16,0,7.2,AU,1696551326
336,pul-e khumri,35.9446,68.7151,22.24,21,77,1.99,AF,1696551327
337,howard springs,-12.497,131.047,31.57,40,49,4.8,AU,1696551327
338,polatsk,55.4859,28.7756,8.02,85,97,8.91,BY,1696551328
339,tondela,40.5167,-8.0833,15.8,84,17,1.69,PT,1696551328
340,utrik,11.2278,169.8474,28.36,72,100,6.06,MH,1696551329
341,teguise,29.0605,-13.564,24.12,65,0,4.63,ES,1696551330
342,bonthe,7.5264,-12.505,26.08,88,81,4.0,SL,1696551330
343,ilhabela,-23.7781,-45.3581,22.34,97,100,1.83,BR,1696551331
344,akonolinga,3.7667,12.25,20.51,99,100,1.33,CM,1696551331
345,olney,39.1532,-77.0669,22.44,84,75,0.0,US,1696551169
346,hadibu,12.65,54.0333,26.32,80,77,3.58,YE,1696551172
347,jijiga,9.35,42.8,17.92,69,76,1.74,ET,1696551332
348,walvis bay,-22.9575,14.5053,13.38,90,56,4.42,NA,1696551333
349,qarazhal,48.0078,70.7903,10.94,61,42,3.23,KZ,1696551334
350,kapoeta,4.7717,33.5903,28.76,41,18,7.53,SS,1696551334
351,pechora,65.1472,57.2244,4.36,86,75,2.68,RU,1696551334
352,sanshui,23.1549,112.8916,25.99,78,100,2.94,CN,1696551335
353,oyem,1.5995,11.5793,20.62,99,100,1.53,GA,1696551335
354,askoy,60.4092,5.226,10.16,100,100,4.63,NO,1696551336
355,tateyama,34.9833,139.8667,23.39,51,51,4.33,JP,1696551336
356,gadzhiyevo,69.2551,33.3362,1.64,91,50,11.81,RU,1696551336
357,enshi,30.3,109.4833,15.44,99,100,1.18,CN,1696551337
358,ocean city,39.2776,-74.5746,20.55,88,24,2.24,US,1696551337
359,buenos aires,-34.6132,-58.3772,21.67,28,3,0.45,AR,1696551157
360,msanga,-6.05,36.0333,19.04,79,2,2.67,TZ,1696551338
361,fale old settlement,-9.3852,-171.2468,28.53,69,26,1.99,TK,1696551339
362,mossel bay,-34.1831,22.146,16.96,93,100,9.48,ZA,1696551339
363,pisco,-13.7,-76.2167,19.03,82,0,7.2,PE,1696551340
364,madang,-5.2246,145.7966,30.0,64,90,0.84,PG,1696551340
365,maragogi,-9.0122,-35.2225,25.35,84,46,5.96,BR,1696551113
366,xai-xai,-25.0519,33.6442,19.72,75,71,4.12,MZ,1696551312
367,znamenskoye,57.1281,73.8282,10.0,80,75,2.8,RU,1696551342
368,wajir,1.7471,40.0573,25.7,69,23,7.16,KE,1696551342
369,ca mau,9.1769,105.15,26.42,89,97,2.1,VN,1696551147
370,mana,5.6592,-53.7767,27.72,84,97,4.99,GF,1696551343
371,mamfe,5.754,9.3123,22.82,99,80,0.26,CM,1696551261
372,altai,46.3722,96.2583,-0.42,72,23,0.82,MN,1696551345
373,praia da vitoria,38.7333,-27.0667,22.14,88,75,16.44,PT,1696551346
374,kodiak,57.79,-152.4072,10.73,82,75,5.66,US,1696551346
375,benguela,-12.5763,13.4055,23.0,84,90,2.26,AO,1696551347
376,north shore,-36.8,174.75,18.04,70,92,3.13,NZ,1696551308
377,banda aceh,5.5577,95.3222,26.19,85,100,5.42,ID,1696551147
378,tamanrasset,22.785,5.5228,20.95,37,0,3.6,DZ,1696551348
379,inyonga,-6.7167,32.0667,21.98,53,80,3.83,TZ,1696551348
380,susuman,62.7833,148.1667,-1.12,75,40,1.79,RU,1696551349
381,poronaysk,49.2167,143.1167,7.94,89,100,9.16,RU,1696551222
382,margate,51.3813,1.3862,14.61,82,93,1.34,GB,1696551350
383,kencong,-8.2833,113.3667,26.31,77,24,0.34,ID,1696551350
384,majuro,7.0897,171.3803,27.98,78,100,6.17,MH,1696551351
385,al kharijah,25.4514,30.5464,25.86,44,2,4.1,EG,1696551064
386,khovd,48.0056,91.6419,5.31,63,87,0.08,MN,1696551307
387,miasskoye,55.2784,61.8905,14.34,73,98,2.52,RU,1696551352
388,bodo,67.28,14.405,5.02,80,75,9.26,NO,1696551352
389,malabar,-33.9667,151.25,22.22,42,0,6.17,AU,1696551353
390,glace bay,46.1969,-59.957,14.43,92,40,4.12,CA,1696551353
391,soligalich,59.0778,42.2864,5.9,97,60,2.44,RU,1696551354
392,pailon,-17.65,-62.75,25.5,39,8,6.59,BO,1696551355
393,meadow lakes,61.6247,-149.6011,6.69,63,100,8.75,US,1696551355
394,rio gallegos,-51.6226,-69.2181,7.03,49,0,4.63,AR,1696551356
395,tsiombe,-25.3,45.4833,20.66,63,0,0.67,MG,1696551346
396,puerto aysen,-45.4,-72.7,5.23,99,100,2.62,CL,1696551128
397,unai,-16.3575,-46.9061,27.39,63,82,0.76,BR,1696551357
398,naro moru,-0.1676,37.0213,13.39,91,29,4.67,KE,1696551358
399,lata,40.1629,-8.3327,16.62,70,40,1.38,PT,1696551358
400,juticalpa,14.65,-86.2,34.08,72,9,1.03,HN,1696551358
401,kariba,-16.5167,28.8,22.87,42,0,1.93,ZW,1696550911
402,limassol,34.675,33.0333,21.04,56,0,1.54,CY,1696551331
403,ulverstone,-41.15,146.1667,13.73,49,25,4.11,AU,1696551360
404,mlawa,53.1128,20.3841,8.94,93,57,4.24,PL,1696551361
405,kapuskasing,49.4169,-82.4331,16.0,55,99,3.09,CA,1696551361
406,ostashkov,57.1467,33.1075,9.46,87,100,4.78,RU,1696551362
407,leicester,52.6386,-1.1317,15.92,86,99,7.18,GB,1696551363
408,huautla de jimenez,18.1315,-96.8409,17.96,90,42,1.56,MX,1696551363
409,ta`u,-14.2336,-169.5144,25.18,76,87,7.83,AS,1696551364
410,ambovombe,-25.1667,46.0833,20.79,70,0,1.53,MG,1696551364
411,erenhot,43.6475,111.9767,9.42,23,100,3.35,CN,1696551365
412,shihezi,44.3,86.0333,14.05,48,0,2.81,CN,1696551365
413,gao,16.6362,1.637,32.87,24,40,2.53,ML,1696551365
414,uberaba,-19.7483,-47.9319,28.32,61,20,0.51,BR,1696551366
415,charsadda,34.1435,71.7317,22.34,31,0,1.16,PK,1696551366
416,lautoka,-17.6167,177.4667,27.92,39,20,3.09,FJ,1696551367
417,kingscliff,-28.2667,153.5667,24.87,43,40,6.69,AU,1696551098
418,ulanhot,46.0833,122.0833,9.76,51,17,3.79,CN,1696551367
419,togur,58.3631,82.8265,10.08,89,91,4.47,RU,1696551369
420,timimoun,29.2639,0.231,24.35,28,18,6.72,DZ,1696551369
421,fortuna,40.5982,-124.1573,27.19,49,0,2.06,US,1696551370
422,lichuan,30.3,108.85,11.24,98,100,1.28,CN,1696551370
423,coihueco,-36.6167,-71.8333,11.41,66,0,2.57,CL,1696551370
424,arsen'yev,44.1631,133.2733,8.06,62,11,4.69,RU,1696551371
425,namdrik,5.5994,168.1028,26.23,86,100,4.96,MH,1696551371
426,tyuratam,45.6507,63.3156,14.55,34,48,3.2,KZ,1696551373
427,kangding,30.0513,101.9603,10.77,99,100,2.28,CN,1696551373
428,lamu,-2.2717,40.902,24.12,88,9,5.07,KE,1696551374
429,recreo,-29.2818,-65.061,21.46,29,0,5.01,AR,1696551374
430,quellon,-43.1167,-73.6167,8.23,92,81,6.13,CL,1696551375
431,yung shue wan,22.2333,114.1167,27.68,65,100,6.22,HK,1696551257
432,terbuny,52.1389,38.2789,9.71,62,100,4.82,RU,1696551376
433,macusani,-14.0833,-70.4333,7.1,75,39,1.99,PE,1696551376
434,el sauzal de rodriguez,31.9,-116.6833,23.01,74,4,1.83,MX,1696551376
435,targovishte,43.2592,26.5892,14.58,83,35,1.23,BG,1696551377
436,san pedro pochutla,15.7333,-96.4667,23.84,89,95,0.43,MX,1696551378
437,new norfolk,-42.7826,147.0587,11.72,54,50,3.12,AU,1696551379
438,porto velho,-8.7619,-63.9039,29.03,61,75,2.57,BR,1696551379
439,talagang,32.9297,72.4158,24.51,25,0,1.39,PK,1696551196
440,ko lanta,7.5336,99.0865,27.01,80,100,2.07,TH,1696551380
441,salinopolis,-0.6136,-47.3561,27.19,74,53,7.0,BR,1696551181
442,caidian,30.5833,114.0333,20.07,67,64,4.2,CN,1696551381
443,tynda,55.1667,124.7167,1.01,63,16,0.38,RU,1696551382
444,redencao,-4.2258,-38.7306,23.3,86,42,1.16,BR,1696551382
445,motueka,-41.1333,173.0167,15.61,59,8,3.01,NZ,1696551099
446,rasht,37.2808,49.5832,14.57,79,49,1.24,IR,1696551384
447,bardai,11.65,7.2333,24.75,51,46,2.4,NG,1696551384
448,dixon,38.4455,-121.8233,35.65,25,0,2.06,US,1696551385
449,lazaro cardenas,17.9583,-102.2,29.21,75,21,2.26,MX,1696551385
450,hassi messaoud,31.6804,6.0729,22.92,38,0,2.06,DZ,1696551385
451,mandalay,21.9747,96.0836,25.64,85,60,2.12,MM,1696551386
452,gizo,-8.103,156.8419,27.83,80,14,8.05,SB,1696551386
453,palikir - national government center,6.9248,158.1611,28.47,84,100,2.06,FM,1696551387
454,kilinochchi,9.3961,80.3982,26.11,85,87,4.88,LK,1696551387
455,tabuk,17.4189,121.4443,26.39,76,100,0.9,PH,1696551388
456,ghanzi,-21.5667,21.7833,22.19,14,35,4.01,BW,1696551388
457,fort-shevchenko,44.5086,50.263,18.16,71,4,3.38,KZ,1696551389
458,illizi,26.4833,8.4667,22.89,27,2,4.04,DZ,1696551389
459,bosansko grahovo,44.1794,16.3639,15.36,76,68,2.2,BA,1696551390
460,tibanbang,6.6315,126.1055,27.45,82,100,1.2,PH,1696551390
461,hinton,53.4001,-117.5857,9.6,51,22,1.38,CA,1696551391
462,boyalik,41.2634,28.6314,16.51,79,75,3.0,TR,1696551391
463,general acha,-37.377,-64.6043,14.33,24,0,3.58,AR,1696551391
464,muroto-misakicho,33.2833,134.15,19.78,52,43,2.93,JP,1696551240
465,port isabel,26.0734,-97.2086,28.34,80,100,7.15,US,1696551392
466,port kembla,-34.4667,150.9,21.26,56,14,5.77,AU,1696551392
467,uliastay,47.7417,96.8444,-2.04,90,62,2.03,MN,1696551349
468,dhidhdhoo,6.8833,73.1,27.16,82,100,7.17,MV,1696551393
469,oban,56.4127,-5.4706,14.1,89,100,8.34,GB,1696551394
470,hotan,37.0997,79.9269,15.5,28,63,1.58,CN,1696551394
471,attapeu,14.8,106.8333,25.12,96,97,0.3,LA,1696551250
472,acapulco de juarez,16.8634,-99.8901,29.9,74,75,2.57,MX,1696551395
473,humaita,-7.5061,-63.0208,31.04,39,74,0.45,BR,1696551122
474,makarska,43.2969,17.0178,20.78,71,43,2.16,HR,1696551396
475,zaysan,47.4667,84.8667,9.06,58,64,0.91,KZ,1696551396
476,taveta,-3.3963,37.6736,20.93,80,28,2.26,KE,1696551397
477,emerald,-23.5333,148.1667,25.19,26,5,6.3,AU,1696551120
478,yuzhno-kurilsk,44.0306,145.8556,14.1,73,99,5.74,RU,1696551397
479,callao,-12.0667,-77.15,22.62,82,75,4.63,PE,1696551268
480,volodarskiy,46.4013,48.5409,14.97,44,59,2.94,RU,1696551398
481,weyburn,49.6668,-103.8511,5.12,60,41,12.86,CA,1696551399
482,puerto baquerizo moreno,-0.9,-89.6,22.7,78,37,4.03,EC,1696551399
483,tazacorte,28.629,-17.9293,28.97,29,0,4.47,ES,1696551400
484,dongola,19.1667,30.4833,30.98,23,9,8.82,SD,1696551209
485,mezhdurechenskiy,59.6,65.9333,10.61,69,76,2.12,RU,1696551400
486,las palmas,28.4204,-14.0131,22.44,78,30,1.54,ES,1696551401
487,road town,18.4167,-64.6167,29.02,84,40,3.6,VG,1696551401
488,tiassale,5.8983,-4.8283,22.99,99,93,1.14,CI,1696551402
489,barpali,21.2,83.5833,22.2,76,96,2.45,IN,1696551402
490,midvagur,62.0511,-7.1939,7.46,93,100,5.14,FO,1696551402
491,awjilah,29.1081,21.2869,21.89,56,55,4.34,LY,1696551403
492,tutoia,-2.7619,-42.2744,26.72,77,100,6.36,BR,1696551403
493,buala,-8.145,159.5921,27.66,78,67,4.43,SB,1696551404
494,kavieng,-2.5744,150.7967,28.92,72,99,2.04,PG,1696551404
495,xining,36.6167,101.7667,6.47,91,100,1.08,CN,1696551226
496,correntina,-13.3433,-44.6367,25.81,56,44,1.41,BR,1696551405
497,rybinsk,58.0446,38.8426,7.4,92,86,3.13,RU,1696551405
498,adrar,20.5022,-10.0711,30.47,15,94,4.26,MR,1696551406
499,whistler,50.1164,-122.9695,13.66,54,16,0.61,CA,1696551406
500,remire-montjoly,4.9167,-52.2667,27.02,83,0,1.54,GF,1696551407
501,ola,59.5833,151.2833,5.79,69,7,1.12,RU,1696551407
502,smithers,54.7804,-127.1743,11.18,82,40,1.54,CA,1696551407
503,dinguiraye,11.3,-10.7167,22.52,92,87,0.74,GN,1696551408
504,nantucket,41.2835,-70.0995,18.08,100,100,3.09,US,1696551409
505,gaspra,44.4333,34.1,16.48,78,44,1.06,UA,1696551409
506,vengerovo,55.6848,76.7471,8.75,74,87,3.74,RU,1696551409
507,khilok,51.3674,110.4676,3.38,71,29,0.67,RU,1696551410
508,novyy urgal,51.0736,132.5642,4.99,77,61,1.94,RU,1696551411
509,heihe,50.2441,127.4902,5.32,51,1,7.04,CN,1696551411
510,karratha,-20.7377,116.8463,30.15,17,11,7.98,AU,1696551239
511,comodoro rivadavia,-45.8667,-67.5,14.92,29,0,7.72,AR,1696551286
512,ust-tsilma,65.441,52.1498,4.78,96,85,6.26,RU,1696551412
513,beaconsfield,45.4334,-73.8659,23.8,76,75,6.17,CA,1696551127
514,tuba city,36.135,-111.2399,24.65,28,0,1.79,US,1696551414
515,sandnessjoen,66.0217,12.6316,0.29,56,100,3.8,NO,1696551414
516,refahiye,39.9008,38.7667,7.87,56,0,0.14,TR,1696551415
517,umm kaddadah,13.6017,26.6876,32.52,21,48,2.85,SD,1696551415
518,vizinga,61.0749,50.1031,7.99,83,100,3.43,RU,1696551416
519,oltinko'l,40.8011,72.1634,20.12,27,100,1.33,UZ,1696551416
520,ankang,32.68,109.0172,12.63,95,100,0.85,CN,1696551417
521,kedrovyy,56.1667,91.8167,8.35,74,100,3.37,RU,1696551418
522,cabo san lucas,22.8909,-109.9124,32.09,72,75,3.58,MX,1696551179
523,kouango,4.9934,19.9619,21.39,96,100,0.19,CF,1696551419
524,alamosa,37.4695,-105.87,18.99,24,0,2.06,US,1696551419
525,ebolowa,2.9,11.15,21.39,100,100,0.47,CM,1696551419
526,kloulklubed,7.0419,134.2556,27.28,75,100,7.34,PW,1696551420
527,tulun,54.5611,100.5792,5.91,73,100,1.18,RU,1696551421
528,chania,35.5122,24.0156,17.78,88,20,1.54,GR,1696551421
529,nueva gerona,21.8833,-82.8,28.6,72,19,2.55,CU,1696551422
530,tenenkou,14.4572,-4.9169,31.68,41,100,4.71,ML,1696551422
531,katima mulilo,-17.5,24.2667,20.32,23,18,2.21,NA,1696551189
532,narvik,68.4384,17.4272,3.54,98,100,2.54,NO,1696551424
533,wuwei,37.9281,102.6414,9.93,77,39,0.66,CN,1696551424
534,jati,24.3539,68.2671,26.17,80,27,5.41,PK,1696551424
535,shalqar,47.8333,59.6,15.31,36,100,1.12,KZ,1696551181
536,ghadamis,30.1337,9.5007,21.96,39,0,5.11,LY,1696551425
537,vyazemskiy,47.5378,134.7525,6.87,95,100,4.05,RU,1696551426
538,itapirapua,-15.8233,-50.6133,27.64,67,83,1.35,BR,1696551426
539,mogocha,53.7333,119.7667,0.97,75,14,1.34,RU,1696551427
540,kill devil hills,36.0307,-75.676,22.77,91,100,2.57,US,1696551427
541,sur,22.5667,59.5289,30.27,46,27,2.93,OM,1696551428
542,lima,-12.0432,-77.0282,21.61,74,75,4.63,PE,1696551391
543,tome,-36.6167,-72.95,11.34,83,57,3.36,CL,1696551429
544,bel ombre,-4.6167,55.4167,27.91,69,40,6.69,SC,1696551429
545,malkara,40.89,26.9011,13.59,90,70,2.05,TR,1696551168
546,ad dilam,23.9915,47.1627,28.23,31,0,3.47,SA,1696551430
547,bayanhongor,46.7167,100.1167,-1.71,82,43,1.74,MN,1696551252
548,harstad,68.799,16.5293,1.56,97,100,8.49,NO,1696551431
549,saipan,15.1355,145.701,31.39,66,20,5.66,MP,1696551431
550,san julian,21.0167,-102.1667,21.28,58,88,1.79,MX,1696551323
551,mejit,10.2753,170.8646,28.16,75,98,5.84,MH,1696551432
552,pavilosta,56.8879,21.1859,9.95,62,22,7.08,LV,1696551433
553,kresek,-6.1314,106.3797,30.31,73,66,0.82,ID,1696551293
554,tlahualilo de zaragoza,26.1167,-103.45,24.2,61,99,1.69,MX,1696551434
555,coahuayana de hidalgo,18.7,-103.6583,28.5,83,65,2.3,MX,1696551434
556,san andres,12.5847,-81.7006,28.01,83,20,1.03,CO,1696551034
557,morondava,-20.2833,44.2833,23.29,72,0,1.63,MG,1696551348
558,sakakah,29.9697,40.2064,24.76,39,75,3.38,SA,1696551435
559,holmsund,63.706,20.3641,1.64,80,0,3.09,SE,1696551436
560,jiazi,22.8779,116.067,24.24,75,100,5.51,CN,1696551436
561,cuyo,10.8525,121.0086,28.21,76,62,1.79,PH,1696551437
562,kristiansund,63.1115,7.732,8.36,87,100,2.06,NO,1696551437
563,dickinson,29.4608,-95.0513,24.53,85,0,3.09,US,1696551438
564,siwa oasis,29.2041,25.5195,24.52,58,62,4.04,EG,1696551438
565,tagta,41.6504,59.9164,15.97,82,0,3.09,TM,1696551439
566,ust'-barguzin,53.45,108.9833,3.94,88,25,1.34,RU,1696551439
567,sandston,37.5235,-77.3158,22.09,89,75,2.57,US,1696551439
568,orapa,-21.2833,25.3667,21.27,20,50,5.45,BW,1696551440
569,chilecito,-29.1619,-67.4974,16.18,29,0,3.93,AR,1696551440
570,argo,37.6333,22.7333,19.68,53,37,1.41,GR,1696551441
571,peniche,39.3558,-9.3811,17.94,92,87,5.87,PT,1696551441
572,purpe,64.4803,76.6897,7.78,73,67,11.46,RU,1696551441
573,mbeya,-8.9,33.45,14.92,78,14,2.98,TZ,1696551442
574,chinde,26.8418,88.0763,17.74,92,95,1.06,NP,1696551442
575,mihai viteazu,46.5333,23.75,8.87,63,58,1.48,RO,1696551443
576,zakamensk,50.3741,103.2863,5.38,90,100,0.73,RU,1696551443
